"borough","communityboard","councildistrict","parkdistrict","gispropnum","location","name","omppropid","system","polygon","pooltype"
"B","306","38","B-06","B126","Outdoor","Red Hook Wading Pool","B126","B126-POOL-0025","POLYGON ((-74.00361401114736 40.673058856678175, -74.00368831661171 40.67303559941811, -74.00375402229113 40.67305356797231, -74.0037816267642 40.67310469471345, -74.003760220552 40.67315007056953, -74.00377368509767 40.673175008993546, -74.00391941886005 40.673214862719874, -74.00398038384265 40.67308562770627, -74.00395952630666 40.6730469945272, -74.00353256330345 40.67293023233157, -74.00349209545244 40.67294289841152, -74.00342728617069 40.67308027844222, -74.00356598802738 40.67311820932566, -74.00358948039415 40.67311085678992, -74.00361401114736 40.673058856678175))","Wading"
"X","202","17","X-02","X307","Outdoor","Floating Pool","X307","X307-POOL-0028","POLYGON ((-73.8889859664428 40.804149906408306, -73.88880872591743 40.804109002403735, -73.88873679957658 40.80428895902223, -73.88891404053844 40.80432986223572, -73.8889859664428 40.804149906408306))","Intermediate"
"B","301","34","B-01","B310","Outdoor","Bushwick Wading Pool","B310","B310-POOL-0022","POLYGON ((-73.93984138673747 40.70191944164836, -73.93983217504717 40.701842179200504, -73.9397593296459 40.701847209180144, -73.9397685400693 40.70192447163313, -73.93984138673747 40.70191944164836))","Wading"
"M","164","6","M-13","M010","Outdoor","Lasker Pool","M010-ZN41","M010-POOL-0002","POLYGON ((-73.95463274927891 40.7961714814837, -73.95459678205478 40.79617317737088, -73.95457992294777 40.79617487807652, -73.95456193757623 40.79617743381051, -73.95454507669876 40.796179989084656, -73.95452709369499 40.79618254391364, -73.95451023104543 40.79618595465683, -73.95447650812896 40.79619448258393, -73.95445964549076 40.79619960066738, -73.95444390616028 40.796204719192325, -73.95442704411747 40.79621069094511, -73.95441130538158 40.79621666404016, -73.95439556487317 40.79622349080621, -73.95436633402262 40.796237146123225, -73.95435171741529 40.79624482700203, -73.95433710021781 40.79625336335359, -73.95431011480565 40.796270435141615, -73.9542966215077 40.79627982560732, -73.95427188152428 40.79629860742527, -73.95424938934855 40.796319096577264, -73.95423814148279 40.79633019617545, -73.95421789592051 40.79635239626217, -73.95420889645268 40.79636435042427, -73.95420102206704 40.79637545135887, -73.9541920214081 40.79638740551914, -73.95418526915498 40.796400215146654, -73.95417739298802 40.796412170653205, -73.9541717652286 40.79642498072693, -73.9541650129677 40.796437790353245, -73.95416050851887 40.796450599972545, -73.954154879568 40.796463410044915, -73.95415149961471 40.796476221011545, -73.95414811788723 40.796489885651184, -73.95414473793194 40.79650269571709, -73.95414022228611 40.796530026790535, -73.95413909014374 40.79654283865096, -73.95413907131447 40.79657017061279, -73.95414130030352 40.79659750436923, -73.95414353929674 40.79661031757077, -73.95414577770285 40.79662398444579, -73.95414689925504 40.7966265477143, -73.9541480225815 40.79662825550869, -73.95414914413323 40.796630819677695, -73.95415026745982 40.79663252747206, -73.95416150186406 40.79664107318058, -73.95416487241377 40.79664192909517, -73.95417611151596 40.79664193356382, -73.95418622553662 40.79664450040656, -73.95418959549941 40.79664620999397, -73.95419296723537 40.79664706500776, -73.95419970716168 40.79665048418214, -73.9542019544042 40.79665304789735, -73.95420420104986 40.796654757038056, -73.95420869316649 40.79665988356686, -73.9542120602035 40.79666757157039, -73.9542131811712 40.796670989412284, -73.95421317529654 40.79667953065016, -73.95421205021543 40.79668209302559, -73.9542120484533 40.796684654946716, -73.95420866613983 40.79669917416171, -73.95423337986475 40.79671882927965, -73.95425923041154 40.796717130392224, -73.95427159403035 40.79671713529778, -73.95427496458538 40.79671799120919, -73.9542794608294 40.796718847566964, -73.95428283138517 40.79671970257761, -73.95428732644451 40.79672055893466, -73.95429743872317 40.79672568678819, -73.95430305594195 40.79672996008557, -73.95430754807064 40.796735087510974, -73.9543097935499 40.79673850399663, -73.95431203961472 40.796741067709206, -73.95431316177375 40.79674448555056, -73.95431428333565 40.79674704701641, -73.95431427981802 40.796752172659566, -73.95431540196532 40.796753881352366, -73.95431540079299 40.79675558959994, -73.95431652294039 40.79675729829267, -73.95431652235456 40.796758151966245, -73.9543187690188 40.79676157025317, -73.9543210162575 40.79676242481753, -73.95432213840576 40.796764132609724, -73.95432326232356 40.79676498852988, -73.95432775680072 40.79676669855886, -73.95432888071863 40.79676755447892, -73.95433337401245 40.796769262706185, -73.95433562302212 40.79676926359719, -73.95437158706108 40.79677269433532, -73.95438956788946 40.79677355602592, -73.9544423935516 40.79677357691674, -73.95446037731928 40.79677187577522, -73.95447836168721 40.79677102830485, -73.9544963460368 40.79676847348415, -73.95451320529689 40.79676677189046, -73.95453119141261 40.79676336249072, -73.95454805302239 40.79675995174431, -73.95456603794895 40.796756543239226, -73.9545829001377 40.79675227881419, -73.95459976172211 40.796747159812185, -73.95461550116819 40.79674204216686, -73.95463236393248 40.796736923160566, -73.9546481027709 40.79673095093626, -73.95467958278842 40.796717296433165, -73.95469419769506 40.79671047008692, -73.95470993768448 40.79670278870608, -73.95472455435164 40.796695106881906, -73.95475154101459 40.79667803499848, -73.95476503551406 40.79666864448057, -73.95477740432118 40.79665925441991, -73.95478977489071 40.79664900888382, -73.95480214487621 40.79663961792046, -73.95481339033032 40.79662851826686, -73.95482463638513 40.79661827408715, -73.95483588420232 40.796607173531754, -73.95484488301078 40.79659607389525, -73.95485500571255 40.796584120123896, -73.9548640057009 40.796573018685294, -73.95487188234162 40.79656021035907, -73.95488763327211 40.79653630105165, -73.9548943854045 40.79652349048276, -73.95491126946793 40.796485061956865, -73.95491465103851 40.79647139729483, -73.95491915652981 40.79645858584556, -73.95492253691246 40.796444921182776, -73.9549270510458 40.796417590978365, -73.9549281836124 40.79640392543632, -73.95492819228703 40.79639111312864, -73.95463274927891 40.7961714814837))","Olympic"
"Q","412","27","Q-12","Q121","Outdoor","Liberty Pool","Q121","Q121-POOL-0009","POLYGON ((-73.78408764500973 40.70163161256614, -73.78403648885387 40.70146783905102, -73.78376554851617 40.701519815057594, -73.78381784659886 40.70168263809354, -73.78408764500973 40.70163161256614))","Intermediate"
"Q","412","27","Q-12","Q121","Outdoor","Liberty Wading Pool","Q121","Q121-POOL-0008","POLYGON ((-73.78414816132184 40.70181829198834, -73.78412140214905 40.701732761353476, -73.78404559954326 40.70174809900152, -73.78407338871072 40.7018323312432, -73.78414816132184 40.70181829198834))","Wading"
"M","109","7","M-09","M190","Outdoor","Sheltering Arms Pool","M190","M190-POOL-0029","POLYGON ((-73.95582714943274 40.81486222095009, -73.9556782959823 40.81469006891667, -73.95549865332038 40.81478302377666, -73.95564138376217 40.81495827499603, -73.95582714943274 40.81486222095009))","Intermediate"
"B","316","41","B-16","B260A","Outdoor","Howard Pool","B260","B260A-POOL-0018","POLYGON ((-73.90900508285162 40.672752715663066, -73.90896672683556 40.67259063933419, -73.90870063922735 40.672627143406984, -73.90873899343507 40.672789219822945, -73.90900508285162 40.672752715663066))","Intermediate"
"B","316","41","B-16","B260A","Outdoor","Howard Wading Pool","B260","B260A-POOL-0017","POLYGON ((-73.9091915745718 40.67261503909529, -73.90917878829842 40.67256101427363, -73.90907235338429 40.67257561581264, -73.90908513839153 40.67262964064511, -73.9091915745718 40.67261503909529))","Wading"
"X","204","16","X-04","X008","Outdoor","Claremont Pool","X008-ZN03","X008-POOL-0014","POLYGON ((-73.90773198458734 40.838955791663395, -73.90752508938952 40.838904333836595, -73.90744187967283 40.839097305066296, -73.9074623613331 40.839102399385524, -73.90764877540643 40.839148763040676, -73.90773198458734 40.838955791663395))","Intermediate"
"M","103","2","M-03","M270","Outdoor","Dry Dock Wading Pool","M270","M270-POOL-0034","POLYGON ((-73.97579930374143 40.725543549318445, -73.97585404672981 40.725470018035516, -73.97579204489763 40.72544086544297, -73.97573729831348 40.72551439759648, -73.97579930374143 40.725543549318445))","Wading"
"M","111","8","M-11","M273","Outdoor","Wagner Pool","M273","M273-POOL-0036","POLYGON ((-73.93334946811149 40.802103076918904, -73.9334805391024 40.80192230898802, -73.93329023554648 40.801839312571566, -73.93316312779956 40.80202158912163, -73.93334946811149 40.802103076918904))","Intermediate"
"M","111","8","M-11","M273","Outdoor","Wagner Wading Pool","M273","M273-POOL-0035","POLYGON ((-73.93302432784478 40.80199890333167, -73.93306405139991 40.801938645190624, -73.93298872559491 40.80190394031429, -73.93294701977241 40.80196268984113, -73.93302432784478 40.80199890333167))","Wading"
"M","109","7","M-09","M190","Outdoor","Sheltering Arms Wading Pool","M190","M190-POOL-0028","POLYGON ((-73.95551277636574 40.815024892848065, -73.95554342214629 40.81497219046837, -73.95544753546426 40.81493184360374, -73.95541485083173 40.81498299361338, -73.95551277636574 40.815024892848065))","Wading"
"M","103","2","M-03","M270","Outdoor","Dry Dock Pool","M270","M270-POOL-0033","POLYGON ((-73.97566986204664 40.72538533681168, -73.97543096731624 40.725285380001544, -73.97532512901219 40.72542827896992, -73.97556037398954 40.72553378596092, -73.97566986204664 40.72538533681168))","Intermediate"
"B","307","38","B-07","B087","Outdoor","Sunset Park Pool","B087","B087-POOL-0009","POLYGON ((-74.00262716235832 40.64678917132922, -74.0020731905407 40.64732219644557, -74.00207353051307 40.647343345099806, -74.00250050739788 40.64759870814173, -74.00253004796451 40.64759688214618, -74.00308028139811 40.647067450713415, -74.00307840306108 40.64704839040352, -74.00264788168121 40.64678880794534, -74.00262716235832 40.64678917132922))","Olympic"
"R","501","49","R-01","R043","Outdoor","Lyons Pool","R043","R043-POOL-0002","POLYGON ((-74.07448680352849 40.63737356321421, -74.07444616147636 40.637114986557044, -74.07387299080835 40.637167266639075, -74.07391363303657 40.63742584439633, -74.07448680352849 40.63737356321421))","Olympic"
"Q","403","21","Q-03","Q441","Outdoor","Fisher Pool","Q441","Q441-POOL-0013","POLYGON ((-73.86940888366121 40.75900627741499, -73.86938888099604 40.758841004719024, -73.86911836439499 40.75885971907979, -73.86913992610172 40.759026183162206, -73.86940888366121 40.75900627741499))","Intermediate"
"Q","403","21","Q-03","Q441","Outdoor","Fisher Wading Pool","Q441","Q441-POOL-0012","POLYGON ((-73.86964360932379 40.758901924298975, -73.86963590136959 40.75884604009182, -73.8695624110031 40.758849522907155, -73.86956699125868 40.75890540447858, -73.86964360932379 40.758901924298975))","Wading"
"R","501","49","R-01","R008","Outdoor","Faber Pool","R008","R008-POOL-0001","POLYGON ((-74.13561074556335 40.64111971689905, -74.135102400434 40.641116404298934, -74.13510004556152 40.64132602818788, -74.13560839228772 40.64132934079834, -74.13561074556335 40.64111971689905))","Large"
"X","212","12","X-12","X196","Outdoor","Haffen Pool","X196","X196-POOL-0025","POLYGON ((-73.83937539674365 40.8743013365522, -73.83929245286377 40.874139326602844, -73.83902859795758 40.874219727349, -73.83911625411544 40.874379956584704, -73.83937539674365 40.8743013365522))","Intermediate"
"X","212","12","X-12","X196","Outdoor","Haffen Wading Pool","X196","X196-POOL-0024","POLYGON ((-73.83942993261637 40.87444743038688, -73.83940247962512 40.87438615441176, -73.8393132512824 40.87441181481449, -73.83933857561128 40.87447469882247, -73.83942993261637 40.87444743038688))","Wading"
"B","303","36","B-03","B351","Outdoor","Kosciuszko Wading Pool","B351","B351-POOL-0024","POLYGON ((-73.95035605599972 40.69104371862673, -73.95034020315154 40.69092758700001, -73.95015347444242 40.690944838450484, -73.95016705076652 40.69106096821654, -73.95035605599972 40.69104371862673))","Wading"
"M","111","8","M-11","M047","Outdoor","Thomas Jefferson Wading Pool","M047","M047-POOL-0014","POLYGON ((-73.93649848089044 40.79366869605541, -73.93667310568001 40.79343778138152, -73.93651619742259 40.79337899685146, -73.93632912646433 40.79359854190234, -73.93649848089044 40.79366869605541))","Wading"
"M","111","8","M-11","M047","Outdoor","Thomas Jefferson Pool","M047","M047-POOL-0013","POLYGON ((-73.93639914071707 40.79333348766829, -73.93564702170788 40.79301117102488, -73.93546741392112 40.79324018671837, -73.93622951517891 40.79354736182828, -73.93639914071707 40.79333348766829))","Olympic"
"R","503","51","R-03","R110","Outdoor","Tottenville Pool","R110","R110-POOL-0012","POLYGON ((-74.23533022023291 40.50569184818085, -74.23525754533169 40.50548990775863, -74.23505127553116 40.50553129925699, -74.23511802580494 40.50573280258069, -74.23533022023291 40.50569184818085))","Intermediate"
"R","503","51","R-03","R110","Outdoor","Tottenville Wading Pool","R110","R110-POOL-0011","POLYGON ((-74.2355364747414 40.50554019139541, -74.23551905353955 40.50548543424119, -74.23544730781644 40.505496539141895, -74.23546186512363 40.505553495880434, -74.2355364747414 40.50554019139541))","Wading"
"M","111","9","M-11","M058","Outdoor","Marcus Garvey Pool","M058","M058-POOL-0015","POLYGON ((-73.94366133482251 40.80529648596374, -73.94362796755118 40.80508928473394, -73.94303714493837 40.80514421828738, -73.94307051039804 40.80535141968641, -73.94366133482251 40.80529648596374))","Large"
"B","303","36","B-03","B351","Outdoor","Kosciuszko Pool","B351","B351-POOL-0023","POLYGON ((-73.95002118538844 40.69124115979664, -73.94996901770067 40.69097075622485, -73.94914921929934 40.69106745692387, -73.94920365967738 40.69134132704351, -73.95002118538844 40.69124115979664))","Olympic"
"B","308","36","B-08","B245","Indoor","St John's Pool","B245","B245-POOL-0014","POLYGON ((-73.93499996773616 40.67401945525567, -73.93501615189231 40.67390483420986, -73.93474732275217 40.67388283105238, -73.93473113932302 40.67399745116084, -73.93499996773616 40.67401945525567))","Intermediate"
"B","316","42","B-16","B270","Indoor","Brownsville Pool","B270","B270-POOL-0020","POLYGON ((-73.90279631072416 40.656359225775525, -73.90274438382139 40.65615719401956, -73.90263825447423 40.65617302268015, -73.9026902011852 40.65637504369441, -73.90279631072416 40.656359225775525))","Intermediate"
"M","164","6","M-13","M010","Outdoor","Lasker Wading Pool","M010-ZN41","M010-POOL-0001","POLYGON ((-73.95471721159421 40.79617731751719, -73.95470720671206 40.796185090302785, -73.95474083688877 40.79621009058187, -73.95490478258435 40.796331967249934, -73.95491257759475 40.7963259117366, -73.95489277830565 40.79629314290659, -73.95486708472463 40.796262830129685, -73.95483600951857 40.796235580539765, -73.95480018032859 40.79621194278303, -73.95476031371243 40.79619239079924, -73.95471721159421 40.79617731751719))","Wading"
"Q","401","22","Q-01","Q004","Outdoor","Astoria Pool","Q004-ZN02","Q004-POOL-0001","POLYGON ((-73.9224621850225 40.779354285278835, -73.92328430029133 40.77869578929343, -73.92284356166994 40.77838909635237, -73.92201384733353 40.779041802856305, -73.9224621850225 40.779354285278835))","Olympic"
"X","226","11","X-13","X092","Outdoor","Van Cortlandt Pool","X092-ZN03","X092-POOL-0021","POLYGON ((-73.89635712834577 40.88982451042231, -73.89579143270824 40.8896724223164, -73.89566416152802 40.889945042903776, -73.89622985919293 40.89009713252616, -73.89635712834577 40.88982451042231))","Olympic"
"B","306","38","B-06","B126","Outdoor","Red Hook Pool","B126","B126-POOL-0010","POLYGON ((-74.00452186829267 40.67268985921969, -74.0034099814875 40.67238579087828, -74.0032554576473 40.6727133487368, -74.00436734920872 40.67301741765912, -74.00452186829267 40.67268985921969))","Olympic"
"M","108","5","M-08","M045","Outdoor","John Jay Pool","M045","M045-POOL-0012","POLYGON ((-73.94906596135907 40.769286856807305, -73.94893786006367 40.769232387177986, -73.948933644243 40.76923132991934, -73.94892926101768 40.7692307912764, -73.948924821716 40.769230783905556, -73.94892043649006 40.76923130965667, -73.94891621432043 40.76923235326944, -73.94891226182668 40.76923388957708, -73.94890867734746 40.76923587990158, -73.94890554975359 40.76923827565521, -73.94890295726546 40.76924101563844, -73.94866602329397 40.76956309698658, -73.94866409242077 40.769564912441915, -73.94866259251675 40.769566950513635, -73.94866156863692 40.769569151788595, -73.94866107548138 40.76957123713505, -73.94866100988749 40.769573355990666, -73.94866137308013 40.76957545612675, -73.94866215680486 40.76957748981295, -73.94866334214863 40.76957940751312, -73.9486649007194 40.76958116418947, -73.94866679583173 40.76958271750192, -73.94866898250412 40.76958403141027, -73.94880298446296 40.76964101005888, -73.94880690772523 40.76964209600837, -73.94881101259531 40.76964267955742, -73.94881518774692 40.76964274444753, -73.94881931947303 40.769642289727635, -73.94882329879412 40.76964132795642, -73.94882701790613 40.76963988339962, -73.9488303749148 40.769637996534634, -73.94883328213248 40.76963571685028, -73.94883565896797 40.76963310734604, -73.94907189992948 40.76931196817356, -73.9490735799009 40.76930831647367, -73.94907441667051 40.76930450050936, -73.94907438409527 40.769300631931586, -73.94907348327229 40.76929682510485, -73.94907174136007 40.76929318990246, -73.94906920920724 40.769289834407346, -73.94906596135907 40.769286856807305))","Large"
"M","108","5","M-08","M045","Outdoor","John Jay Diving Pool","M045","M045-POOL-0011","POLYGON ((-73.94908838108245 40.76956820113714, -73.94898476931863 40.769525629928346, -73.9489811077807 40.76952460083254, -73.94897727413657 40.76952404262376, -73.94897337142099 40.769523971556666, -73.94896950623462 40.76952438767849, -73.94896578281731 40.7695252802293, -73.94896230423505 40.76952662494129, -73.94895916171744 40.76952838673515, -73.94895644295183 40.76953051612211, -73.94886417557501 40.769653565938285, -73.94886298526572 40.76965656318629, -73.94886244277114 40.76965966698116, -73.94886256118198 40.769662797183976, -73.94886333700784 40.76966587184735, -73.94886475135765 40.76966881261906, -73.94886676638714 40.76967154384001, -73.94886933122001 40.76967399344731, -73.94887237839019 40.76967609927628, -73.94897846978597 40.769719689252135, -73.9489838589968 40.76971977088277, -73.94898919777474 40.769719201426824, -73.94899434989489 40.76971799703296, -73.94899918622943 40.76971618646022, -73.94900358474281 40.76971381738137, -73.94900743286688 40.76971094827927, -73.94901063579012 40.76970765115235, -73.94909499814433 40.769588969672384, -73.94909632798236 40.7695862669483, -73.94909703726816 40.769583431576024, -73.94909710461837 40.769580546392426, -73.94909652760076 40.76957769424282, -73.94909532391895 40.76957495798126, -73.94909352786223 40.769572415966756, -73.94909119030635 40.7695701411625, -73.94908838108245 40.76956820113714))","Diving"
"M","103","2","M-03","M088","Outdoor","Tompkins Square Mini Pool","M088","M088-POOL-0020","POLYGON ((-73.98102961490892 40.7268501084808, -73.98096335292091 40.72682112547175, -73.9808907035875 40.726920799773445, -73.98095792930658 40.72694930841513, -73.98102961490892 40.7268501084808))","Mini"
"B","316","41","B-16","B008","Outdoor","Betsy Head Pool","B008","B008-POOL-0001","POLYGON ((-73.91305397810856 40.66334405522291, -73.91284269357513 40.66245165445148, -73.91225673623103 40.662539453322246, -73.91246157530675 40.66343184936131, -73.91305397810856 40.66334405522291))","Olympic"
"M","103","2","M-03","M033","Outdoor","Hamilton Fish Pool","M033","M033-POOL-0006","POLYGON ((-73.98028320426411 40.71950713073773, -73.98016862836815 40.71973346139867, -73.98017985060552 40.719750546001556, -73.98070183244718 40.71990523599564, -73.98072316260485 40.71989755191722, -73.98083773857424 40.71966951334312, -73.98082651761126 40.719651574220606, -73.98030678218096 40.719498593437656, -73.98028320426411 40.71950713073773))","Olympic"
"B","302","35","B-02","B021","Outdoor","Commodore Barry Pool","B021","B021-POOL-0003","POLYGON ((-73.97817496579938 40.69789373133347, -73.978182360187 40.697728895747886, -73.97791072401486 40.69771859970589, -73.97789965575097 40.69788529772905, -73.97817496579938 40.69789373133347))","Intermediate"
"B","302","35","B-02","B021","Outdoor","Commodore Barry Wading Pool","B021","B021-POOL-0002","POLYGON ((-73.97822154908356 40.69762832494219, -73.97822157007431 40.69756406618301, -73.97813469315318 40.69756777423025, -73.97813589578675 40.697631102092046, -73.97822154908356 40.69762832494219))","Wading"
"M","110","9","M-10","M014","Outdoor","Jackie Robinson Pool","M014","M014-POOL-0003","POLYGON ((-73.94310686182752 40.82407026873399, -73.94311366099306 40.824051349068796, -73.94311610068767 40.82403182482104, -73.94311410811244 40.82401227137183, -73.94310774442047 40.82399326506851, -73.94309719406276 40.82397536520932, -73.94308277072813 40.82395909873799, -73.94306489720199 40.82394494672658, -73.9430441018269 40.82393332456312, -73.9430432202211 40.82393291890454, -73.94302209458417 40.82392490936332, -73.94299957858935 40.823919509668485, -73.94297622808213 40.82391685336749, -73.9429526167474 40.82391700557925, -73.94292932899727 40.823919962991, -73.94290693745006 40.823925652045624, -73.9428859934443 40.82393393253952, -73.94286701399534 40.82394460211795, -73.94285046520055 40.82395739536662, -73.9424926154263 40.82443561577149, -73.94249221257375 40.824438135157756, -73.94249235618999 40.82444067102554, -73.94249304159263 40.8244431549347, -73.94249425224245 40.824445521140895, -73.94249595381812 40.82444770479122, -73.94249810250777 40.824449649132575, -73.94250063908586 40.82445130100618, -73.942503496021 40.82445261625408, -73.94273331455524 40.82454993913261, -73.94273577381354 40.82455053468107, -73.9427383317494 40.82455079709507, -73.94274091131514 40.824550720032796, -73.94274343308534 40.82455030525593, -73.9427458235531 40.82454956443433, -73.9427480092008 40.824548521844875, -73.94274992361943 40.82454720627053, -73.94275150987188 40.82454566000632, -73.94310686182752 40.82407026873399))","Olympic"
"M","112","10","M-12A","M037","Outdoor","Highbridge Pool","M037","M037-POOL-0007","POLYGON ((-73.93342483137796 40.84281422622721, -73.93383365295847 40.842260127819515, -73.93330751808688 40.84203518688636, -73.9328998167379 40.84259013867206, -73.93342483137796 40.84281422622721))","Olympic"
"M","106","4","M-06","M164","Outdoor","Asser Levy Pool","M164","M164-POOL-0027","POLYGON ((-73.97557786262983 40.735957039767776, -73.97564447325527 40.73586684640689, -73.97563833155192 40.73585353920451, -73.97530174191161 40.73570970954049, -73.97528823276144 40.735703937088765, -73.9752631153763 40.73570929512074, -73.9752436855724 40.73573597569369, -73.9752629722251 40.73583340397743, -73.97526912491803 40.73583603298068, -73.9755587328874 40.735959786760624, -73.97557786262983 40.735957039767776))","Large"
"M","102","3","M-02","M103","Indoor","Tony Dapolito Pool","M103","M103-POOL-0021","POLYGON ((-74.00559872700639 40.72952479608266, -74.00552307821266 40.72951708778066, -74.00548972298074 40.72970654646834, -74.0055653719856 40.72971425389151, -74.00559872700639 40.72952479608266))","Intermediate"
"M","102","3","M-02","M038","Outdoor","Tony Dapolito Diving Pool","M038","M038-POOL-0010","POLYGON ((-74.00582089119352 40.72954810913845, -74.0056604170352 40.729531251514025, -74.00564312709113 40.72962649284852, -74.00580360265816 40.72964335049674, -74.00582089119352 40.72954810913845))","Diving"
"M","111","9","M-11","M193","Outdoor","Abe Lincoln Mini Pool","M193","M193-POOL-0030","POLYGON ((-73.9371668200064 40.81215772998093, -73.937238881034 40.812059488017155, -73.93717352547496 40.81203014752632, -73.9371009925037 40.81212981828203, -73.9371668200064 40.81215772998093))","Mini"
"M","102","1","M-02","M069","Outdoor","Vesuvio Mini Pool","M069","M069-POOL-0019","POLYGON ((-74.0023518271916 40.72563549362124, -74.00239335451505 40.72558517772356, -74.00227231879069 40.725532164506845, -74.00223008236986 40.72558187883496, -74.0023518271916 40.72563549362124))","Mini"
"M","107","7","M-07","M220","Outdoor","Frederick Douglass Mini Pool","M220","M220-POOL-0031","POLYGON ((-73.96748780474412 40.79694705635478, -73.96756402983885 40.79683949063174, -73.96749517962533 40.79681153773665, -73.9674236438843 40.796922664415234, -73.96748780474412 40.79694705635478))","Mini"
"X","203","15","X-03","X010","Outdoor","Crotona Pool","X010-ZN09","X010-POOL-0015","POLYGON ((-73.89850608445637 40.83955215845824, -73.89850226470615 40.839533907488516, -73.89813746107824 40.83941589854067, -73.89811824863115 40.839424030141274, -73.89767180711026 40.84022058821643, -73.89767854146828 40.840241717074015, -73.89803726135024 40.84035663608335, -73.89805766235733 40.84035069825013, -73.89850608445637 40.83955215845824))","Olympic"
"X","204","16","X-04","X008","Outdoor","Claremont Wading Pool","X008-ZN03","X008-POOL-0013","POLYGON ((-73.90730207966752 40.83894745416947, -73.9072877618188 40.838943672293496, -73.90725666613108 40.839011584155266, -73.90726810619903 40.83901460460502, -73.90735044223561 40.83903634836193, -73.90738153546651 40.83896843737379, -73.90730207966752 40.83894745416947))","Wading"
"X","209","17","X-09","X159","Outdoor","Thompson Mini Pool","X159","X159-POOL-0022","POLYGON ((-73.87783437173262 40.834163407830594, -73.87771080337258 40.8341001827909, -73.87766580657075 40.83415091488472, -73.87778937498223 40.834214139972104, -73.87783437173262 40.834163407830594))","Mini"
"X","212","12","X-12","X165","Outdoor","Edenwald Houses Mini Pool","X165","X165-POOL-0023","POLYGON ((-73.84537287966575 40.88427441562826, -73.84526570120049 40.88420342973505, -73.8452177652027 40.88424587117529, -73.84532960605254 40.884318633719005, -73.84537287966575 40.88427441562826))","Mini"
"B","306","39","B-06","B145","Outdoor","Douglas and DeGraw Pool","B145","B145-POOL-0012","POLYGON ((-73.98596160612252 40.6805516900607, -73.98608324397294 40.680366556394794, -73.98589194512724 40.680291239295336, -73.9857703042539 40.680477607365496, -73.98596160612252 40.6805516900607))","Intermediate"
"B","306","39","B-06","B145","Outdoor","Douglas and DeGraw Wading Pool","B145","B145-POOL-0011","POLYGON ((-73.98572819111946 40.68028134586164, -73.98576387364646 40.680219633532644, -73.98568767795165 40.68018753245091, -73.9856519956372 40.6802480092509, -73.98572819111946 40.68028134586164))","Wading"
"B","318","45","B-18","B248","Outdoor","David Fox / PS 251 Mini Pool","B248","B248-POOL-0015","POLYGON ((-73.92378185491351 40.63280287469384, -73.9237775978124 40.63269268789833, -73.92370199371415 40.63269430641702, -73.92370844216379 40.63280449556991, -73.92378185491351 40.63280287469384))","Mini"
"B","318","45","B-18","B236","Outdoor","Glenwood Houses Mini Pool","B236","B236-POOL-0013","POLYGON ((-73.92027542451329 40.63653137767457, -73.92019733830233 40.63643910043162, -73.92013677259261 40.63646884215574, -73.92021485875141 40.63656112214112, -73.92027542451329 40.63653137767457))","Mini"
"B","318","46","B-18","B329","Outdoor","Lindower Park Mini Pool","B329-01","B329-POOL-0022","POLYGON ((-73.91137099992315 40.61246295991967, -73.91125651583064 40.61239508752606, -73.91121273976343 40.6124387110084, -73.91132872898572 40.612507731870934, -73.91137099992315 40.61246295991967))","Mini"
"B","303","36","B-03","B269","Outdoor","JHS 57 / HS 26 Mini Pool","B269","B269-POOL-0019","POLYGON ((-73.93217101965348 40.69185680216453, -73.93215192808364 40.691755973944794, -73.93203108635971 40.691769231135495, -73.93205017893366 40.69187005937581, -73.93206094493 40.69192691963813, -73.93218178693378 40.691913662416376, -73.93217101965348 40.69185680216453))","Mini"
"B","302","35","B-02","B253","Outdoor","PS 20 Playground Mini Pool","B253","B253-POOL-0016","POLYGON ((-73.97061762023354 40.6904510705008, -73.9705999450806 40.69034202734177, -73.97052757945087 40.690349877516205, -73.97054377518172 40.6904600441481, -73.97061762023354 40.6904510705008))","Mini"
"Q","407","19","Q-11","Q458","Outdoor","Totten Wading Pool","Q458","Q458-POOL-0016","POLYGON ((-73.77458033698146 40.79239635960345, -73.77458412536413 40.79239309908642, -73.77458719710249 40.79238943014023, -73.77458883059089 40.79238675974079, -73.77459008294622 40.79238397333156, -73.77459125728065 40.79237938396222, -73.77459140225982 40.792374708832966, -73.77459051387504 40.79237008211102, -73.77458861656642 40.792365634416996, -73.7745868191335 40.79236283393872, -73.77458462064062 40.79236020377162, -73.77458164295591 40.79235744150761, -73.7745782234446 40.79235499175454, -73.77457348426815 40.79235246197704, -73.77456827740747 40.79235053282074, -73.77456273658632 40.792349253174336, -73.77455649445403 40.792348635826826, -73.77455061341905 40.792348802623074, -73.77454484371174 40.79234968373586, -73.77453933351188 40.79235125784301, -73.77453422869975 40.79235348290621, -73.77452965861647 40.79235630244689, -73.77452574437032 40.79235964196019, -73.77452258459385 40.79236341609141, -73.7745202637474 40.7923675259504, -73.7745188402457 40.79237186629267, -73.77451835120378 40.79237632372748, -73.77451884619663 40.79238095418293, -73.77452034994012 40.79238545693934, -73.77452281901881 40.79238970674177, -73.77452618630178 40.79239358369195, -73.77453035617873 40.79239698044282, -73.77453521166929 40.79239980221265, -73.77454061915313 40.79240196949572, -73.77454642480332 40.7924034216573, -73.77455059124217 40.79240398541758, -73.77455481580438 40.79240418008505, -73.77456064768104 40.79240383579325, -73.7745663326443 40.79240278882132, -73.77457172604723 40.792401066801936, -73.77457668793028 40.79239871268559, -73.77458033698146 40.79239635960345))","Wading"
"Q","411","19","Q-11","Q364","Outdoor","Marie Curie Park Mini Pool","Q364","Q364-POOL-0011","POLYGON ((-73.77160741943847 40.75694594527009, -73.77167285589117 40.756845953792975, -73.77160785144471 40.756819951531256, -73.77154389134216 40.75692107063455, -73.77160741943847 40.75694594527009))","Mini"
"Q","413","23","Q-13","Q327","Outdoor","PS 186 Playground Mini Pool","Q327","Q327-POOL-0010","POLYGON ((-73.72072214540002 40.74981452945313, -73.72070774796423 40.74976111858065, -73.72056436146931 40.749783010723945, -73.72057874946924 40.74983864495215, -73.72072214540002 40.74981452945313))","Mini"
"Q","402","26","Q-02","Q031","Outdoor","Windmuller Mini Pool","Q031","Q031-POOL-0005","POLYGON ((-73.91080333744223 40.74754352813196, -73.91081368546119 40.74748920046808, -73.91067081647209 40.747473459657186, -73.91066046597098 40.747527787306566, -73.91080333744223 40.74754352813196))","Mini"
"R","501","49","R-01","R109","Outdoor","West Brighton Wading Pool","R109","R109-POOL-0010","POLYGON ((-74.11905146297984 40.63723446653647, -74.11903577198854 40.63716967508445, -74.11894951448997 40.63717797978662, -74.11896041596245 40.63724368843174, -74.11905146297984 40.63723446653647))","Wading"
"R","501","49","R-01","R109","Outdoor","West Brighton Pool","R109","R109-POOL-0009","POLYGON ((-74.11944806955731 40.637234968357916, -74.11941535024698 40.63702962622926, -74.11919730549157 40.637045369317185, -74.11923242026316 40.63725070992349, -74.11944806955731 40.637234968357916))","Intermediate"
"R","502","50","R-02","R067","Outdoor","General Douglas MacArthur Mini Pool","R067","R067-POOL-0007","POLYGON ((-74.10069048361468 40.58586150065855, -74.1006419844412 40.585818076653325, -74.1005331018403 40.585896484249886, -74.10058511780214 40.58593545483211, -74.10069048361468 40.58586150065855))","Mini"
"R","501","49","R-01","R061","Outdoor","PS 14 Playground Mini Pool","R061","R061-POOL-0005","POLYGON ((-74.07991099196694 40.622624032028746, -74.07983770883983 40.62248238603031, -74.07974010451917 40.62251252935854, -74.07981565723841 40.62265074195903, -74.07991099196694 40.622624032028746))","Mini"
"R","502","50","R-02","R063","Outdoor","PS 46 Playground Mini Pool","R063","R063-POOL-0006","POLYGON ((-74.0816308955723 40.595246894412995, -74.08160347054769 40.595196851111666, -74.08147035125404 40.59524422752937, -74.08149960427939 40.59529565997338, -74.0816308955723 40.595246894412995))","Mini"
"M","103","2","M-03","M033","Outdoor","Hamilton Fish Wading Pool","M033","M033-POOL-0005","POLYGON ((-73.98095481990428 40.71997801049428, -73.98098359440357 40.71997973162212, -73.98101236043988 40.719977928146264, -73.98104037589667 40.719972644969964, -73.98106691875233 40.719964018852515, -73.98109130601976 40.71995227300914, -73.98111290795165 40.71993770810821, -73.98113116934564 40.71992070227434, -73.98114561783437 40.71990169127845, -73.98115587216405 40.71988119285271, -73.98116168838003 40.71985971124382, -73.98116291720085 40.71983779753984, -73.98115952769831 40.71981601725613, -73.98115160611964 40.71979492872241, -73.98113935707265 40.719775074078086, -73.98112309524463 40.719756964863016, -73.98110323712172 40.719741064906394, -73.98108029507246 40.71972778492299, -73.98100564662634 40.71970592626458, -73.98097682218385 40.71971787487232, -73.98086552621623 40.71993789869115, -73.98087817825254 40.719955568794454, -73.98095481990428 40.71997801049428))","Wading"
"Q","481","21","Q-15","Q099","Indoor","Flushing Meadows Corona Park Pool","Q099-ZN10","Q099-POOL-0006","POLYGON ((-73.83812069670134 40.752164275976334, -73.83826359358429 40.75196717917432, -73.83774524028371 40.75174984036239, -73.83760234351743 40.751946936529194, -73.83812069670134 40.752164275976334))","Olympic & Diving"
"M","104","3","M-04","M260","Indoor","Chelsea Pool","M260","M260-POOL-0032","POLYGON ((-74.00211124195569 40.74837807390657, -74.00219149496512 40.74826668159367, -74.00200853309536 40.74819044177136, -74.00192827987186 40.74830183485851, -74.00211124195569 40.74837807390657))","Intermediate"
"X","204","16","X-04","X034","Outdoor","Mullaly Wading Pool","X034","X034-POOL-0018","POLYGON ((-73.92436334618219 40.83178990956447, -73.9244080172112 40.831732270263934, -73.92432880687552 40.83170266407756, -73.92428887954301 40.83176210745161, -73.92436334618219 40.83178990956447))","Wading"
"X","204","16","X-04","X034","Outdoor","Foster Pool","X034","X034-POOL-0017","POLYGON ((-73.9243317391972 40.83187011841636, -73.9240810214763 40.83178988794846, -73.92399724785112 40.831938921393146, -73.92424432794945 40.83202191056846, -73.9243317391972 40.83187011841636))","Intermediate"
"B","301","34","B-01","B085","Indoor","Metropolitan Pool","B085","B085-POOL-0006","POLYGON ((-73.96044558102045 40.71500614105384, -73.96020641563837 40.7149129305462, -73.96014794947753 40.7149996889091, -73.96037876663927 40.715097129963546, -73.96044558102045 40.71500614105384))","Intermediate"
"M","107","6","M-07","M063","Indoor","Gertrude Ederle Pool","M063","M063-POOL-0018","POLYGON ((-73.98889991631764 40.77144302479886, -73.98878973267273 40.771395996160805, -73.98868499138774 40.771540149270955, -73.98879429531148 40.77158605229369, -73.98889991631764 40.77144302479886))","Intermediate"
"M","106","4","M-06","M130","Indoor","Constance Baker Motley Pool","M130","M130-POOL-0023","POLYGON ((-73.96528620249029 40.75641590558148, -73.96512934084232 40.756348037555725, -73.96503295012468 40.756476861626886, -73.96518981197781 40.756544729782625, -73.96528620249029 40.75641590558148))","Intermediate"
"M","110","9","M-10","M131","Indoor","Hansborough Pool","M131","M131-POOL-0024","POLYGON ((-73.93942195973301 40.81301760459306, -73.93955562980447 40.81283854688345, -73.93944564866158 40.81279115271864, -73.93931197838853 40.812970211202625, -73.93942195973301 40.81301760459306))","Intermediate"
"Q","407","19","Q-11","Q458","Outdoor","Totten Pool","Q458","Q458-POOL-0015","POLYGON ((-73.77461002225255 40.79222250436782, -73.77467240788494 40.792307105258224, -73.77477814797923 40.792262066144616, -73.77471576106979 40.79217746530856, -73.77464275343426 40.79207846083346, -73.77462248980031 40.79208867163997, -73.77441089945596 40.79217879699741, -73.77448302109842 40.792276599513876, -73.77461002225255 40.79222250436782))","Intermediate & Diving"
"M","112","10","M-12A","M037","Outdoor","Highbridge Wading Pool","M037","M037-POOL-0008","POLYGON ((-73.93353726402825 40.842851873143125, -73.93381045941142 40.842964775564816, -73.93382958454062 40.842958808164575, -73.93421362175397 40.84244398361953, -73.93420801379189 40.84242775173416, -73.93393595013053 40.842312288087534, -73.93391795013277 40.84231740338361, -73.93353165567578 40.842837349461036, -73.93353726402825 40.842851873143125))","Wading"
"M","102","3","M-02","M038","Outdoor","Tony Dapolito Pool","M038","M038-POOL-0009","POLYGON ((-74.00580360265816 40.72964335049674, -74.00564312709113 40.72962649284852, -74.00559532362347 40.72988982278573, -74.00575580218013 40.72990668140035, -74.00580360265816 40.72964335049674))","Large"
"B","301","34","B-01","B310","Outdoor","Bushwick Pool","B310","B310-POOL-0021","POLYGON ((-73.93958300359895 40.70213763185966, -73.93956344286326 40.70197355819841, -73.93929173097892 40.70199231965843, -73.93931129105138 40.70215639336544, -73.93931256076249 40.70215630758576, -73.93958300359895 40.70213763185966))","Intermediate"
"X","206","15","X-06","X236","Outdoor","Mapes Wading Pool","X236","X236-POOL-0027","POLYGON ((-73.88626280458823 40.84670312461004, -73.88630395120147 40.84664785959688, -73.8862351500453 40.84661360184694, -73.88618870578074 40.84666986836034, -73.88626280458823 40.84670312461004))","Wading"
"X","206","15","X-06","X236","Outdoor","Mapes Pool","X236","X236-POOL-0026","POLYGON ((-73.88620760448572 40.84645972094962, -73.8859826853814 40.84634586924457, -73.88586724487563 40.84648251295519, -73.88609349171574 40.84659536124335, -73.88620760448572 40.84645972094962))","Intermediate"
"M","106","4","M-06","M164","Indoor","Asser Levy Pool","M164","M164-POOL-0026","POLYGON ((-73.9757472394557 40.736219742874496, -73.97579374741302 40.7361577815166, -73.97558694359833 40.73606795183384, -73.97554042011721 40.73612992391179, -73.9757472394557 40.736219742874496))","Intermediate"
"M","106","4","M-06","M164","Outdoor","Asser Levy Wading Pool","M164","M164-POOL-0025","POLYGON ((-73.97537704308279 40.73600454021379, -73.97536880002038 40.73596256037996, -73.97529813809537 40.73592732728539, -73.97527996235159 40.73594971991459, -73.9752985911735 40.73605597662644, -73.97532470377656 40.73606804362571, -73.97537704308279 40.73600454021379))","Wading"
"B","301","33","B-01","B058","Outdoor","McCarren Park Pool","B058-ZN01","B058-POOL-0004","POLYGON ((-73.94970436686577 40.72060653723652, -73.94970785532693 40.72060595072749, -73.94971117721549 40.720604949911085, -73.94971424965955 40.720603562666945, -73.94971699333462 40.720601821378814, -73.94971933955821 40.72059977194266, -73.94972123029605 40.720597465662266, -73.94972261579434 40.72059496014856, -73.94972346168093 40.720592319322705, -73.94972374778472 40.72058960981368, -73.94972346576907 40.7205869000565, -73.94968645298594 40.72037340182793, -73.94948836699261 40.720393566658466, -73.94948651462377 40.720393655896764, -73.9494846695345 40.72039351010517, -73.94948288024821 40.72039313380749, -73.94948119883482 40.7203925369322, -73.94947967025809 40.72039173570826, -73.94947833710903 40.72039075356755, -73.94947723605884 40.72038961664099, -73.94947639785596 40.72038835736045, -73.94947584614671 40.72038700905513, -73.94940416939608 40.719968139641715, -73.9494046279711 40.71996587866292, -73.94940554570944 40.719963699832306, -73.94940690008215 40.71996165717058, -73.94940865791033 40.719959801992154, -73.9494107765519 40.719958178403296, -73.94941320271533 40.7199568269035, -73.9494158760133 40.719955780785064, -73.94941873251315 40.71995506613472, -73.94942170118702 40.719954700931396, -73.94963041639639 40.719934977612915, -73.94963381624515 40.7199341398251, -73.94963698916197 40.719932886802816, -73.94963984753545 40.719931254528205, -73.94964231321785 40.71992928529109, -73.94964431988708 40.7199270348941, -73.94964581186976 40.719924563647005, -73.94964674887353 40.719921939070524, -73.94964710598906 40.71991923319451, -73.94964687132489 40.719916519855644, -73.9496178018066 40.71971746923805, -73.94961759657893 40.719714960327664, -73.94961684804868 40.71971251151368, -73.94961557628406 40.719710192144134, -73.9496138155615 40.719708064369186, -73.9496116167289 40.719706188545246, -73.94960903774148 40.71970461692723, -73.94960615313187 40.71970339187166, -73.94960304098956 40.71970254763217, -73.94959978769721 40.719702107659714, -73.94959648437977 40.71970208460139, -73.94907607446822 40.71975209324136, -73.94907298018988 40.71975265919395, -73.94907005131918 40.719753607035784, -73.94906736835989 40.71975490888672, -73.9490650047201 40.719756529659385, -73.94906302434609 40.71975842525712, -73.94906148290548 40.71976054347491, -73.94906042186716 40.71976282669858, -73.94905987086932 40.719765211005004, -73.9490598453472 40.71976763246483, -73.94906034416891 40.71977002353931, -73.94920225700118 40.72063875766168, -73.9492033008582 40.72064194682743, -73.9492050135709 40.72064496429086, -73.94920735022491 40.72064772898628, -73.94921024814668 40.7206501670442, -73.9492136292691 40.720652213593446, -73.94921740249887 40.72065381276215, -73.94922146844641 40.720654923083046, -73.94922571824465 40.7206555147912, -73.94970436686577 40.72060653723652))","Olympic"
"X","226","11","X-13","X092","Outdoor","Van Cortlandt Wading Pool","X092-ZN03","X092-POOL-0020","POLYGON ((-73.89668190610813 40.88999983531546, -73.89674376110656 40.889875351672316, -73.89656483025435 40.889828263553376, -73.89650605581274 40.88995170349952, -73.89668190610813 40.88999983531546))","Wading"
"Q","412","27","Q-12","Q448","Indoor","Roy Wilkins Pool","Q448-ZN02","Q448-POOL-0014","POLYGON ((-73.76960783669826 40.687357868963865, -73.76967368790017 40.6872925422313, -73.76945914015147 40.68716722445415, -73.76939328767705 40.68723255196309, -73.76960783669826 40.687357868963865))","Intermediate"
"X","201","8","X-01","X045","Indoor","St. Mary's Pool","X045-ZN02","X045-POOL-0019","POLYGON ((-73.91421023756875 40.811508366100774, -73.91426688007206 40.81141035481526, -73.9140287282753 40.81133090213763, -73.91397208548891 40.81142891330742, -73.91421023756875 40.811508366100774))","Intermediate"
